id,reference,species,sex,numberofindividuals,numberofineractions,sparseness,studyperiod_month,typeofbehaviour,h_index,steepness,group,allidentifiable,database
1,surbeck2013,Pan_paniscus,females,10,66,0.378,19,AD,0.4606,0.6268901,wild,no_age,Elo_Steepness.data
2,surbeck2013,Pan_paniscus,males,5,210,0,19,AD,1,0.9384912,wild,no_age,Elo_Steepness.data
3,furuichi1997,Pan_paniscus,males,7,32,0.381,5,AD,0.3571,0.609939,wild,yes,Elo_Steepness.data
4,paoli2008,Pan_paniscus,males,3,50,0,3,AD,1,0.784723,captive,yes,Elo_Steepness.data
5,paoli2008,Pan_paniscus,females,5,87,0,3,AD,0.6,0.6826511,captive,yes,Elo_Steepness.data
6,paoli2008,Pan_paniscus,females,4,69,0.333,2,AD,0.9,0.6448972,captive,yes,Elo_Steepness.data
7,vervaecke2000,Pan_paniscus,females,3,8,0.333,10,A,1,0.7437128,captive,yes,Elo_Steepness.data
8,funkhouser2018,Pan_troglodytes,females,6,22,0.267,2,AD,0.4857,0.5122912,captive,yes,Elo_Steepness.data
9,mitani1993,Pan_troglodytes,males,7,128,0.143,6,AD,0.9286,0.8977554,wild,no_age,Elo_Steepness.data
10,muller2004,Pan_troglodytes,males,11,89,0.473,13,D,0.6318,0.8565178,wild,no_age,Elo_Steepness.data
11,muller2004,Pan_troglodytes,males,11,127,0.255,13,A,0.7636,0.8856423,wild,no_age,Elo_Steepness.data
12,newton2004,Pan_troglodytes,males,12,134,0.379,14,AD,0.7063,0.8880303,wild,no_age,Elo_Steepness.data
13,newton2004,Pan_troglodytes,males,12,120,0.333,14,AD,0.5629,0.7529881,wild,no_age,Elo_Steepness.data
14,watts1998,Pan_troglodytes,males,24,286,0.457,8,D,0.5709,0.9119543,wild,no_age,Elo_Steepness.data
15,wittig2003,Pan_troglodytes,females,10,179,0.133,29,D,0.7636,0.8531607,wild,yes,Elo_Steepness.data
16,scott1999,Gorilla_gorilla,females,5,37,0.1,10,D,0.9,0.8356305,captive,yes,Elo_Steepness.data
17,scott1999,Gorilla_gorilla,females,6,75,0,10,D,0.8286,0.7094397,captive,yes,Elo_Steepness.data
18,scott1999,Gorilla_gorilla,females,6,27,0.2,10,D,0.2857,0.4899733,captive,yes,Elo_Steepness.data
19,harcourt1989,Gorilla_beringei,females,6,48,0.067,27,D,0.7714,0.5869505,wild,yes,Elo_Steepness.data
20,harcourt1989,Gorilla_beringei,females,4,80,0,27,D,1,0.7931068,wild,yes,Elo_Steepness.data
21,robbins2008,Gorilla_beringei,females,5,22,0.1,29,D,0.9,0.8247926,wild,no_age,Elo_Steepness.data
22,watts1985,Gorilla_beringei,females,5,65,0,17,D,1,0.9238659,wild,no_age,Elo_Steepness.data
23,watts1985,Gorilla_beringei,females,7,26,0.333,17,D,0.4464,0.6899611,wild,no_age,Elo_Steepness.data
24,setchell2001,Mandrillus_sphinx,males,5,66,0,7,D,1,0.8146788,captive,no_age,Elo_Steepness.data
25,setchell2001,Mandrillus_sphinx,males,5,58,0,7,A,0.95,0.689782,captive,no_age,Elo_Steepness.data
26,setchell2001,Mandrillus_sphinx,males,5,47,0.2,7,D,0.85,0.8581604,captive,no_age,Elo_Steepness.data
27,setchell2001,Mandrillus_sphinx,males,5,17,0.2,7,A,0.65,0.7859682,captive,no_age,Elo_Steepness.data
28,setchell2005,Mandrillus_sphinx,males,11,1488,0,20,AD,0.8955,0.904174,captive,yes,Elo_Steepness.data
29,setchell2005,Mandrillus_sphinx,males,8,982,0,20,AD,1,0.9010381,captive,yes,Elo_Steepness.data
30,wickings1998,Mandrillus_sphinx,males,6,329,0.267,6,D,0.6,0.9122987,captive,yes,Elo_Steepness.data
31,stammbach1978,Papio_hamadryas,females,6,273,0.067,unc,D,1,0.926588,captive,yes,Elo_Steepness.data
32,stammbach1978,Papio_hamadryas,females,6,572,0.067,unc,D,0.7714,0.7489548,captive,yes,Elo_Steepness.data
33,stammbach1982,Papio_hamadryas,females,6,78,0.067,11,A,0.8857,0.6162376,captive,yes,Elo_Steepness.data
34,stammbach1982,Papio_hamadryas,females,6,93,0.133,11,D,0.9714,0.7882522,captive,yes,Elo_Steepness.data
35,hausfater1982,Papio_cynocephalus,females,14,1704,0,14,AD,1,0.9898316,wild,no_age,Elo_Steepness.data
36,hausfater1982,Papio_cynocephalus,females,20,895,0.042,11,AD,0.8594,0.9482654,wild,no_age,Elo_Steepness.data
37,samuels1987,Papio_cynocephalus,females,19,367,0.234,9,AD,0.5772,0.9555227,wild,no_age,Elo_Steepness.data
38,barton1993,Papio_anubis,females,26,511,0.345,12,D,0.4017,0.9189298,wild,no_age,Elo_Steepness.data
39,castles1997,Papio_anubis,females,9,173,0.028,7,AD,0.9,0.9534474,wild,no_age,Elo_Steepness.data
40,strum1982,Papio_anubis,males,7,1239,0,16,AD,1,0.4776805,wild,no_age,Elo_Steepness.data
41,strum1982,Papio_anubis,males,7,110,0.143,16,AD,0.3393,0.4489186,wild,no_age,Elo_Steepness.data
42,strum1982,Papio_anubis,males,7,348,0.048,16,AD,0.7857,0.6771634,wild,no_age,Elo_Steepness.data
43,arlet2009,Lophocebus_albigena,males,5,73,0,13,AD,1,0.7163761,wild,no_age,Elo_Steepness.data
44,arlet2009,Lophocebus_albigena,males,9,257,0,13,AD,0.8083,0.4015283,wild,no_age,Elo_Steepness.data
45,arlet2011,Lophocebus_albigena,males,5,63,0,15,AD,0.75,0.2626602,wild,no_age,Elo_Steepness.data
46,range2002,Cercocebus_atys,females,24,922,0.145,7,D,0.7091,0.9536635,wild,no_age,Elo_Steepness.data
47,jones1980,Alouatta_palliata,males,3,39,0,11,D,1,0.9562925,wild,yes,Elo_Steepness.data
48,jones1980,Alouatta_palliata,females,12,194,0.136,11,D,0.6259,0.8170006,wild,yes,Elo_Steepness.data
49,jones1980,Alouatta_palliata,females,8,159,0.036,8,D,0.7976,0.7745822,wild,yes,Elo_Steepness.data
50,dixson1977,Miopithecus_talapoin,males,3,378,0,0.333,AD,1,0.9949161,captive,no_age,Elo_Steepness.data
51,dixson1977,Miopithecus_talapoin,females,5,184,0,0.333,AD,1,0.9215849,captive,no_age,Elo_Steepness.data
52,dixson1977,Miopithecus_talapoin,males,3,328,0,0.333,AD,1,0.9775877,captive,no_age,Elo_Steepness.data
53,dixson1977,Miopithecus_talapoin,females,5,388,0.1,0.333,AD,0.8,0.9846593,captive,no_age,Elo_Steepness.data
54,dixson1977,Miopithecus_talapoin,females,4,224,0.167,0.333,AD,0.7,0.9814348,captive,no_age,Elo_Steepness.data
55,koenig2004,Trachypithecus_phayrei,females,5,37,0,1,AD,0.65,0.6052254,wild,no_age,Elo_Steepness.data
56,he2013,Rhinopithecus_roxellana,females,14,1415,0.187,9,D,0.7165,0.9065264,wild,no_age,Elo_Steepness.data
57,cui2014,Rhinopithecus_bieti,females,6,532,0,7,AD,1,0.7999702,captive,no_age,Elo_Steepness.data
58,cui2014,Rhinopithecus_bieti,females,6,214,0,7,AD,1,0.7857906,captive,no_age,Elo_Steepness.data
59,chism1997,Erythrocebus_patas,males,4,24,0.167,6.5,AD,0.5,0.5591954,wild,no_age,Elo_Steepness.data
60,harding1986,Erythrocebus_patas,males,5,111,0.4,3,AD,0.7,0.8287363,wild,yes,Elo_Steepness.data
61,isbell1998,Erythrocebus_patas,females,17,192,0.493,46,AD,0.2647,0.7018387,wild,no_age,Elo_Steepness.data
62,jacobus1981,Erythrocebus_patas,females,5,28,0,6,A,1,0.8685195,captive,no_age,Elo_Steepness.data
63,jacobus1981,Erythrocebus_patas,females,5,43,0,6,D,1,0.9172381,captive,no_age,Elo_Steepness.data
64,loy1988,Erythrocebus_patas,females,8,372,0,unc,A,0.9524,0.9679735,captive,no_age,Elo_Steepness.data
65,loy1988,Erythrocebus_patas,females,8,379,0.036,unc,D,0.9286,0.9696659,captive,no_age,Elo_Steepness.data
66,loy1988,Erythrocebus_patas,females,6,185,0,5,A,1,0.9755645,captive,yes,Elo_Steepness.data
67,loy1988,Erythrocebus_patas,females,6,342,0,5,D,1,0.9585313,captive,yes,Elo_Steepness.data
68,loy1993,Erythrocebus_patas,females,6,34,0.267,unc,A,0.6857,0.8811093,captive,no_age,Elo_Steepness.data
69,loy1993,Erythrocebus_patas,females,6,147,0,unc,D,0.8857,0.8800849,captive,no_age,Elo_Steepness.data
70,nakagawa2008,Erythrocebus_patas,females,6,130,0,4,AD,1,0.9366875,wild,no_age,Elo_Steepness.data
71,lemasson2006,Cercopithecus_campbelli,females,7,187,0.286,2,A,0.8393,0.8295301,captive,yes,Elo_Steepness.data
72,lemasson2006,Cercopithecus_campbelli,females,7,388,0,2,D,1,0.9276092,captive,yes,Elo_Steepness.data
73,payne2003,Cercopithecus_albogularis,females,9,90,0.083,12,AD,0.8167,0.908463,wild,no_age,Elo_Steepness.data
74,cords2002,Cercopithecus_mitis,females,17,492,0.14,36,D,0.837,0.943176,wild,no_age,Elo_Steepness.data
75,clark1974,Saimiri_sciureus,males,5,10,0,unc,AD,1,0.7388567,captive,no_age,Elo_Steepness.data
76,clark1974,Saimiri_sciureus,females,5,10,0,unc,AD,0.6,0.5554428,captive,no_age,Elo_Steepness.data
77,cheney1981,Chlorocebus_pygerythrus,females,8,989,0,24,D,1,0.9788069,wild,no_age,Elo_Steepness.data
78,cheney1981,Chlorocebus_pygerythrus,females,7,644,0,24,D,1,0.9890155,wild,no_age,Elo_Steepness.data
79,cheney1981,Chlorocebus_pygerythrus,females,8,766,0,24,D,1,0.9904697,wild,no_age,Elo_Steepness.data
80,freeman2012,Chlorocebus_pygerythrus,males,14,439,0.154,9,AD,0.7231,0.8394004,wild,no_age,Elo_Steepness.data
81,freeman2012,Chlorocebus_pygerythrus,males,9,268,0.167,9,AD,0.725,0.8726047,wild,no_age,Elo_Steepness.data
82,isbell1998,Chlorocebus_pygerythrus,females,9,127,0.306,46,D,0.6167,0.9224514,wild,no_age,Elo_Steepness.data
83,jaffe2010,Chlorocebus_pygerythrus,females,8,39,0.464,31,AD,0.4762,0.8059529,wild,no_age,Elo_Steepness.data
84,jaffe2010,Chlorocebus_pygerythrus,females,7,54,0.19,5,AD,0.9286,0.8325937,wild,no_age,Elo_Steepness.data
85,struhsaker1967,Chlorocebus_pygerythrus,females,3,12,0,12,AD,1,0.8696564,wild,no_age,Elo_Steepness.data
86,struhsaker1967,Chlorocebus_pygerythrus,males,3,9,0,12,AD,1,0.8279214,wild,no_age,Elo_Steepness.data
87,struhsaker1967,Chlorocebus_pygerythrus,females,4,14,0.167,12,AD,0.8,0.7913348,wild,no_age,Elo_Steepness.data
88,whitten1983,Chlorocebus_pygerythrus,females,11,70,0.345,23,D,0.4409,0.8746083,wild,no_age,Elo_Steepness.data
89,whitten1983,Chlorocebus_pygerythrus,females,10,63,0.378,19,D,0.4303,0.8738329,wild,no_age,Elo_Steepness.data
90,byrne1983,Cercopithecus_diana,females,3,141,0,7,D,1,0.7213701,captive,no_age,Elo_Steepness.data
91,korstjens2002,Colobus_polykomos,females,5,27,0.2,23,AD,0.5,0.5419969,wild,no_age,Elo_Steepness.data
92,grunau2001,Colobus_guereza,females,4,283,0,3,AD,1,0.2427718,captive,no_age,Elo_Steepness.data
93,borries1991,Semnopithecus_entellus,females,11,141,0.091,2.5,AD,0.8591,0.8430629,wild,no_age,Elo_Steepness.data
94,borries1991,Semnopithecus_entellus,females,11,166,0.2,2.5,AD,0.7,0.8912276,wild,no_age,Elo_Steepness.data
95,borries1991,Semnopithecus_entellus,females,11,171,0.091,2,AD,0.7591,0.8426103,wild,no_age,Elo_Steepness.data
96,borries1991,Semnopithecus_entellus,females,13,437,0.064,1.7,AD,0.9423,0.8447529,wild,no_age,Elo_Steepness.data
97,borries1991,Semnopithecus_entellus,females,13,520,0.077,2,AD,0.8956,0.9000622,wild,no_age,Elo_Steepness.data
98,borries1991,Semnopithecus_entellus,females,13,420,0.051,1.8,AD,0.9368,0.9217031,wild,no_age,Elo_Steepness.data
99,borries1991,Semnopithecus_entellus,females,12,296,0.076,3.9,AD,0.9021,0.8742916,wild,no_age,Elo_Steepness.data
100,borries1991,Semnopithecus_entellus,females,12,521,0,3.9,AD,0.9965,0.9170846,wild,no_age,Elo_Steepness.data
101,borries1991,Semnopithecus_entellus,females,12,560,0.061,3.8,AD,0.8671,0.9275402,wild,no_age,Elo_Steepness.data
102,izawa1980,Cebus_apella,males,3,7,0,2,D,1,0.6464966,wild,no_age,Elo_Steepness.data
103,izawa1980,Cebus_apella,females,4,18,0,2,D,1,0.8214239,wild,no_age,Elo_Steepness.data
104,janson1985,Cebus_apella,males,3,119,0,13,AD,1,0.8896739,wild,no_age,Elo_Steepness.data
105,janson1985,Cebus_apella,females,3,9,0.333,13,AD,1,0.6940201,wild,no_age,Elo_Steepness.data
106,bergstrom2010,Cebus_capucinus,females,5,24,0,5,D,1,0.816993,wild,yes,Elo_Steepness.data
107,bergstrom2010,Cebus_capucinus,females,7,117,0.048,5,D,0.8929,0.9005683,wild,yes,Elo_Steepness.data
108,bergstrom2010,Cebus_capucinus,females,10,155,0.2,5,D,0.7758,0.9265149,wild,no_age,Elo_Steepness.data
109,vogel2004,Cebus_capucinus,males,4,13,0.333,15,AD,0.9,0.8043835,wild,no_age,Elo_Steepness.data
110,vogel2004,Cebus_capucinus,females,10,69,0.244,15,AD,0.7515,0.8805222,wild,no_age,Elo_Steepness.data
111,vogel2004,Cebus_capucinus,males,4,8,0.333,13,AD,0.7,0.7501967,wild,no_age,Elo_Steepness.data
112,vogel2004,Cebus_capucinus,females,8,16,0.643,13,AD,0.3095,0.7038324,wild,no_age,Elo_Steepness.data
113,vogel2004,Cebus_capucinus,males,4,22,0,7,AD,1,0.849958,wild,no_age,Elo_Steepness.data
114,vogel2004,Cebus_capucinus,females,10,140,0.133,7,AD,0.7273,0.8438371,wild,no_age,Elo_Steepness.data
115,singh2011,Macaca_silenus,males,4,46,0,2,AD,1,0.8335644,wild,no_age,Elo_Steepness.data
116,oi1990,Macaca_nemestrina,males,3,40,0,16,AD,1,0.9563644,wild,no_age,Elo_Steepness.data
117,oi1990,Macaca_nemestrina,females,14,316,0.176,16,AD,1,0.9453532,wild,no_age,Elo_Steepness.data
118,tokuda1969,Macaca_nemestrina,females,8,106,0.143,5,AD,0.6786,0.9425346,captive,no_age,Elo_Steepness.data
119,murray1984,Macaca_arctoides,males,5,23,0.3,17,AD,0.9,0.8517961,captive,no_age,Elo_Steepness.data
120,murray1984,Macaca_arctoides,females,20,1176,0.058,17,AD,0.9128,0.9205372,captive,no_age,Elo_Steepness.data
121,rhine1972,Macaca_arctoides,females,4,154,0,1,AD,1,0.8741551,captive,no_age,Elo_Steepness.data
122,rhine1973,Macaca_arctoides,females,5,122,0,1,AD,1,0.5609407,captive,no_age,Elo_Steepness.data
123,matsumura1998,Macaca_maura,females,10,112,0.289,48,AD,0.7152,0.9160931,wild,no_age,Elo_Steepness.data
124,kaburu2012,Macaca_sylvanus,females,7,584,0,3,AD,1,0.9823024,wild,no_age,Elo_Steepness.data
125,paul1989,Macaca_sylvanus,males,5,61,0.1,5,AD,0.8,0.9378729,captive,yes,Elo_Steepness.data
126,paul1989,Macaca_sylvanus,males,5,12,0.4,0.3,AD,0.45,0.6346024,captive,yes,Elo_Steepness.data
127,paul1989,Macaca_sylvanus,males,5,26,0.1,2.9,AD,0.8,0.8644322,captive,yes,Elo_Steepness.data
128,paul1989,Macaca_sylvanus,males,5,39,0.1,7.5,AD,0.9,0.8603471,captive,yes,Elo_Steepness.data
129,paul1989,Macaca_sylvanus,males,5,9,0.4,1.7,AD,0.55,0.7071678,captive,yes,Elo_Steepness.data
130,paul1989,Macaca_sylvanus,males,5,20,0.3,6.5,AD,0.85,0.8191088,captive,yes,Elo_Steepness.data
131,taub1980,Macaca_sylvanus,males,7,158,0.19,12,AD,0.5,0.681807,wild,no_age,Elo_Steepness.data
132,hanya2008,Macaca_fuscata,females,9,96,0.083,22,AD,0.9583,0.9191319,wild,no_age,Elo_Steepness.data
133,hanya2008,Macaca_fuscata,females,7,22,0.381,14,AD,0.4643,0.759118,wild,no_age,Elo_Steepness.data
134,hill1995,Macaca_fuscata,females,10,130,0,28,AD,1,0.9721876,wild,yes,Elo_Steepness.data
135,butovskaya1996,Macaca_fascicularis,females,6,138,0.067,3,D,1,0.8218761,captive,yes,Elo_Steepness.data
136,butovskaya1996,Macaca_fascicularis,females,9,353,0.111,3,D,0.8417,0.7670723,captive,yes,Elo_Steepness.data
137,gumert2000,Macaca_fascicularis,males,4,15,0,2.3,AD,1,0.8436447,wild,no_age,Elo_Steepness.data
138,gumert2000,Macaca_fascicularis,females,12,35,0.818,2.3,AD,0.2378,0.7256112,wild,no_age,Elo_Steepness.data
139,berman2004,Macaca_thibetana,males,7,68,0.095,5,AD,0.8036,0.9054708,wild,yes,Elo_Steepness.data
140,berman2004,Macaca_thibetana,females,12,229,0.106,5,AD,0.7378,0.907087,wild,yes,Elo_Steepness.data
141,berman2004,Macaca_thibetana,males,8,68,0.286,3,AD,0.5833,0.8728785,wild,yes,Elo_Steepness.data
142,berman2004,Macaca_thibetana,females,13,379,0.205,3,AD,0.7555,0.9229914,wild,yes,Elo_Steepness.data
143,berman2004,Macaca_thibetana,males,8,189,0.036,7,AD,0.9048,0.9492919,wild,yes,Elo_Steepness.data
144,berman2004,Macaca_thibetana,females,10,428,0.022,7,AD,0.897,0.9261186,wild,yes,Elo_Steepness.data
145,bartlett1971,Macaca_mulatta,females,9,28,0.357,3,D,0.5952,0.8254987,captive,yes,Elo_Steepness.data
146,bartlett1971,Macaca_mulatta,females,9,83,0,3,D,1,0.9216685,captive,yes,Elo_Steepness.data
147,dewaal1985,Macaca_mulatta,males,4,53,0,2,D,1,0.9541663,captive,no_age,Elo_Steepness.data
148,dewaal1985,Macaca_mulatta,females,20,856,0.105,2,D,0.8436,0.9567066,captive,no_age,Elo_Steepness.data
149,missakian1972,Macaca_mulatta,males,19,349,0.246,12,AD,0.5684,0.9386068,captive,no_age,Elo_Steepness.data
150,missakian1972,Macaca_mulatta,males,16,210,0.275,12,AD,0.5324,0.9258989,captive,no_age,Elo_Steepness.data
151,zhang2018,Macaca_mulatta,males,8,195,0,3,AD,1,0.9680526,wild,yes,Elo_Steepness.data
152,athman2010,Macaca_radiata,males,7,80,0,2,D,1,0.9364789,wild,no_age,Elo_Steepness.data
153,chacko2014,Macaca_radiata,females,11,354,0.036,3,D,0.7364,0.7623558,wild,no_age,Elo_Steepness.data
154,chacko2014,Macaca_radiata,females,11,511,0.073,4,D,0.8364,0.8970118,wild,no_age,Elo_Steepness.data
155,singh2011,Macaca_radiata,males,5,121,0,2,AD,1,0.7872772,wild,no_age,Elo_Steepness.data
156,reed1997,Macaca_nigra,males,6,77,0.067,2,D,0.8857,0.938247,wild,no_age,Elo_Steepness.data
